0.32, 0.32, 0, 0, 4.71238898038469, 3,
0.32, 0.32, 0, 0, 4.71238898038469, 3,
0.32, 0.32, 0, 0, 4.71238898038469, 3,
0.32, 0.32, 0, 0, 4.71238898038469, 3,
0.32, 0.32, 0, 0, 4.71238898038469, 3,
0.32, 0.32, 0, 0, 4.71238898038469, 3,
0.32, 0.32, 0, 0, 4.71238898038469, 3,
0.32, 0.32, 0, 0, 4.71238898038469, 3,
0.32, 0.32, 0, 0, 4.71238898038469, 3,
0.32, 0.32, 0, 0, 4.71238898038469, 3,
0.32, 0.32, 0, 0, 4.71238898038469, 3,
0.32, 0.32, 0, 0, 4.71238898038469, 3,
0.32, 0.32, 0, 0, 4.71238898038469, 3,
0.32, 0.32, 0, 0, 4.71238898038469, 3,
0.32, 0.32, 0, 0, 4.71238898038469, 3,
0.32, 0.32, 0, 0, 4.71238898038469, 3,
0.32, 0.32, 0, 0, 4.71238898038469, 3,
0.32, 0.32, 0, 0, 4.71238898038469, 3,
0.32, 0.32, 0, 0, 4.71238898038469, 3,
0.32, 0.32, 0, 0, 4.71238898038469, 3,
0.32, 0.32, 0, 0, 4.71238898038469, 3,
0.32, 0.32, 0, 0, 4.71238898038469, 3,
0.32, 0.32, 0, 0, 4.71238898038469, 3,
0.32, 0.32, 0, 0, 4.71238898038469, 3,
0.32, 0.32, 0, 0, 4.71238898038469, 3,
0.32, 0.32, 0, 0.0, 4.71238898038469, 4,
0.32, 0.32, 0, 0.0, 4.71238898038469, 4,
0.32, 0.32, 0, 0.0, 4.71238898038469, 4,
0.32, 0.32, 0, 0.0, 4.71238898038469, 4,
0.32, 0.32, 0, 0.0, 4.71238898038469, 4,
0.3207400196028456, 0.32, 0, 0.0007400196028455958, 4.71238898038469, 4,
0.32222005880853677, 0.32, 0, 0.0014800392056911916, 4.71238898038469, 4,
0.3251801372199192, 0.32, 0, 0.002960078411382383, 4.71238898038469, 4,
0.32888023523414717, 0.32, 0, 0.003700098014227979, 4.71238898038469, 4,
0.33332035285122075, 0.32, 0, 0.004440117617073575, 4.71238898038469, 4,
0.3385004900711399, 0.32, 0, 0.00518013721991917, 4.71238898038469, 4,
0.3436806272910591, 0.32, 0, 0.00518013721991917, 4.71238898038469, 4,
0.34886076451097825, 0.32, 0, 0.00518013721991917, 4.71238898038469, 4,
0.354780921333743, 0.32, 0, 0.005920156822764766, 4.71238898038469, 4,
0.35996105855366217, 0.32, 0, 0.00518013721991917, 4.71238898038469, 4,
0.3658812153764269, 0.32, 0, 0.005920156822764766, 4.71238898038469, 4,
0.37254139180203727, 0.32, 0, 0.006660176425610362, 4.71238898038469, 4,
0.37772152902195644, 0.32, 0, 0.00518013721991917, 4.71238898038469, 4,
0.3843817054475668, 0.32, 0, 0.006660176425610362, 4.71238898038469, 4,
0.3910418818731771, 0.32, 0, 0.006660176425610362, 4.71238898038469, 4,
0.39770205829878746, 0.32, 0, 0.006660176425610362, 4.71238898038469, 4,
0.4043622347243978, 0.32, 0, 0.006660176425610362, 4.71238898038469, 4,
0.41028239154716256, 0.32, 0, 0.005920156822764766, 4.71238898038469, 4,
0.4169425679727729, 0.32, 0, 0.006660176425610362, 4.71238898038469, 4,
0.42434276400122883, 0.32, 0, 0.007400196028455958, 4.71238898038469, 4,
0.4317429600296848, 0.32, 0, 0.007400196028455958, 4.71238898038469, 4,
0.4391431560581408, 0.32, 0, 0.007400196028455958, 4.71238898038469, 4,
0.44580333248375115, 0.32, 0, 0.006660176425610362, 4.71238898038469, 4,
0.4524635089093615, 0.32, 0, 0.006660176425610362, 4.71238898038469, 4,
0.45912368533497183, 0.32, 0, 0.006660176425610362, 4.71238898038469, 4,
0.4665238813634278, 0.32, 0, 0.007400196028455958, 4.71238898038469, 4,
0.4739240773918838, 0.32, 0, 0.007400196028455958, 4.71238898038469, 4,
0.4813242734203398, 0.32, 0, 0.007400196028455958, 4.71238898038469, 4,
0.48724443024310454, 0.32, 0, 0.005920156822764766, 4.71238898038469, 4,
0.4946446262715605, 0.32, 0, 0.007400196028455958, 4.71238898038469, 4,
0.5020448223000165, 0.32, 0, 0.007400196028455958, 4.71238898038469, 4,
0.5094450183284724, 0.32, 0, 0.007400196028455958, 4.71238898038469, 4,
0.5168452143569284, 0.32, 0, 0.007400196028455958, 4.71238898038469, 4,
0.5242454103853844, 0.32, 0, 0.007400196028455958, 4.71238898038469, 4,
0.5316456064138404, 0.32, 0, 0.007400196028455958, 4.71238898038469, 4,
0.5390458024422964, 0.32, 0, 0.007400196028455958, 4.71238898038469, 4,
0.5464459984707524, 0.32, 0, 0.007400196028455958, 4.71238898038469, 4,
0.5538461944992084, 0.32, 0, 0.007400196028455958, 4.71238898038469, 4,
0.5605063709248187, 0.32, 0, 0.006660176425610362, 4.71238898038469, 4,
0.5679065669532747, 0.32, 0, 0.007400196028455958, 4.71238898038469, 4,
0.5753067629817307, 0.32, 0, 0.007400196028455958, 4.71238898038469, 4,
0.5827069590101867, 0.32, 0, 0.007400196028455958, 4.71238898038469, 4,
0.5901071550386426, 0.32, 0, 0.007400196028455958, 4.71238898038469, 4,
0.5975073510670986, 0.32, 0, 0.007400196028455958, 4.71238898038469, 4,
0.6049075470955546, 0.32, 0, 0.007400196028455958, 4.71238898038469, 4,
0.6123077431240106, 0.32, 0, 0.007400196028455958, 4.71238898038469, 4,
0.6189679195496209, 0.32, 0, 0.006660176425610362, 4.71238898038469, 4,
0.6263681155780769, 0.32, 0, 0.007400196028455958, 4.71238898038469, 4,
0.6345083312093784, 0.32, 0, 0.008140215631301552, 4.71238898038469, 4,
0.6419085272378344, 0.32, 0, 0.007400196028455958, 4.71238898038469, 4,
0.6485687036634448, 0.32, 0, 0.006660176425610362, 4.71238898038469, 4,
0.6567089192947463, 0.32, 0, 0.008140215631301552, 4.71238898038469, 4,
0.6641091153232023, 0.32, 0, 0.007400196028455958, 4.71238898038469, 4,
0.6715093113516583, 0.32, 0, 0.007400196028455958, 4.71238898038469, 4,
0.6789095073801142, 0.32, 0, 0.007400196028455958, 4.71238898038469, 4,
0.6863097034085702, 0.32, 0, 0.007400196028455958, 4.71238898038469, 4,
0.6937098994370262, 0.32, 0, 0.007400196028455958, 4.71238898038469, 4,
0.7011100954654822, 0.32, 0, 0.007400196028455958, 4.71238898038469, 4,
0.7085102914939382, 0.32, 0, 0.007400196028455958, 4.71238898038469, 4,
0.7159104875223942, 0.32, 0, 0.007400196028455958, 4.71238898038469, 4,
0.7233106835508502, 0.32, 0, 0.007400196028455958, 4.71238898038469, 4,
0.7307108795793061, 0.32, 0, 0.007400196028455958, 4.71238898038469, 4,
0.7381110756077621, 0.32, 0, 0.007400196028455958, 4.71238898038469, 4,
0.7455112716362181, 0.32, 0, 0.007400196028455958, 4.71238898038469, 4,
0.7521714480618285, 0.32, 0, 0.006660176425610362, 4.71238898038469, 4,
0.7595716440902844, 0.32, 0, 0.007400196028455958, 4.71238898038469, 4,
0.7669718401187404, 0.32, 0, 0.007400196028455958, 4.71238898038469, 4,
0.7751120557500419, 0.32, 0, 0.008140215631301552, 4.71238898038469, 4,
0.7825122517784979, 0.32, 0, 0.007400196028455958, 4.71238898038469, 4,
0.7899124478069539, 0.32, 0, 0.007400196028455958, 4.71238898038469, 4,
0.7973126438354099, 0.32, 0, 0.007400196028455958, 4.71238898038469, 4,
0.8047128398638659, 0.32, 0, 0.007400196028455958, 4.71238898038469, 4,
0.8121130358923219, 0.32, 0, 0.007400196028455958, 4.71238898038469, 4,
0.8195132319207779, 0.32, 0, 0.007400196028455958, 4.71238898038469, 4,
0.8269134279492338, 0.32, 0, 0.007400196028455958, 4.71238898038469, 4,
0.8343136239776898, 0.32, 0, 0.007400196028455958, 4.71238898038469, 4,
0.8409738004033002, 0.32, 0, 0.006660176425610362, 4.71238898038469, 4,
0.8483739964317561, 0.32, 0, 0.007400196028455958, 4.71238898038469, 4,
0.8557741924602121, 0.32, 0, 0.007400196028455958, 4.71238898038469, 4,
0.8639144080915137, 0.32, 0, 0.008140215631301552, 4.71238898038469, 4,
0.8713146041199696, 0.32, 0, 0.007400196028455958, 4.71238898038469, 4,
0.8787148001484256, 0.32, 0, 0.007400196028455958, 4.71238898038469, 4,
0.8861149961768816, 0.32, 0, 0.007400196028455958, 4.71238898038469, 4,
0.8935151922053376, 0.32, 0, 0.007400196028455958, 4.71238898038469, 4,
0.9009153882337936, 0.32, 0, 0.007400196028455958, 4.71238898038469, 4,
0.9075755646594039, 0.32, 0, 0.006660176425610362, 4.71238898038469, 4,
0.9149757606878599, 0.32, 0, 0.007400196028455958, 4.71238898038469, 4,
0.9223759567163159, 0.32, 0, 0.007400196028455958, 4.71238898038469, 4,
0.9297761527447719, 0.32, 0, 0.007400196028455958, 4.71238898038469, 4,
0.9371763487732279, 0.32, 0, 0.007400196028455958, 4.71238898038469, 4,
0.9445765448016838, 0.32, 0, 0.007400196028455958, 4.71238898038469, 4,
0.9519767408301398, 0.32, 0, 0.007400196028455958, 4.71238898038469, 4,
0.9586369172557502, 0.32, 0, 0.006660176425610362, 4.71238898038469, 4,
0.9660371132842062, 0.32, 0, 0.007400196028455958, 4.71238898038469, 4,
0.9734373093126621, 0.32, 0, 0.007400196028455958, 4.71238898038469, 4,
0.9815775249439637, 0.32, 0, 0.008140215631301552, 4.71238898038469, 4,
0.9889777209724196, 0.32, 0, 0.007400196028455958, 4.71238898038469, 4,
0.9963779170008756, 0.32, 0, 0.007400196028455958, 4.71238898038469, 4,
1.0037781130293315, 0.32, 0, 0.007400196028455958, 4.71238898038469, 4,
1.0111783090577875, 0.32, 0, 0.007400196028455958, 4.71238898038469, 4,
1.017838485483398, 0.32, 0, 0.006660176425610362, 4.71238898038469, 4,
1.025238681511854, 0.32, 0, 0.007400196028455958, 4.71238898038469, 4,
1.0333788971431555, 0.32, 0, 0.008140215631301552, 4.71238898038469, 4,
1.0407790931716114, 0.32, 0, 0.007400196028455958, 4.71238898038469, 4,
1.047439269597222, 0.32, 0, 0.006660176425610362, 4.71238898038469, 4,
1.0548394656256779, 0.32, 0, 0.007400196028455958, 4.71238898038469, 4,
1.0622396616541339, 0.32, 0, 0.007400196028455958, 4.71238898038469, 4,
1.0696398576825898, 0.32, 0, 0.007400196028455958, 4.71238898038469, 4,
1.0770400537110458, 0.32, 0, 0.007400196028455958, 4.71238898038469, 4,
1.0844402497395018, 0.32, 0, 0.007400196028455958, 4.71238898038469, 4,
1.0918404457679578, 0.32, 0, 0.007400196028455958, 4.71238898038469, 4,
1.0999806613992593, 0.32, 0, 0.008140215631301552, 4.71238898038469, 4,
1.1073808574277153, 0.32, 0, 0.007400196028455958, 4.71238898038469, 4,
1.1147810534561713, 0.32, 0, 0.007400196028455958, 4.71238898038469, 4,
1.1221812494846273, 0.32, 0, 0.007400196028455958, 4.71238898038469, 4,
1.1295814455130833, 0.32, 0, 0.007400196028455958, 4.71238898038469, 4,
1.1362416219386937, 0.32, 0, 0.006660176425610362, 4.71238898038469, 4,
1.1436418179671497, 0.32, 0, 0.007400196028455958, 4.71238898038469, 4,
1.1510420139956057, 0.32, 0, 0.007400196028455958, 4.71238898038469, 4,
1.1584422100240617, 0.32, 0, 0.007400196028455958, 4.71238898038469, 4,
1.1658424060525177, 0.32, 0, 0.007400196028455958, 4.71238898038469, 4,
1.1732426020809736, 0.32, 0, 0.007400196028455958, 4.71238898038469, 4,
1.179902778506584, 0.32, 0, 0.006660176425610362, 4.71238898038469, 4,
1.18730297453504, 0.32, 0, 0.007400196028455958, 4.71238898038469, 4,
1.194703170563496, 0.32, 0, 0.007400196028455958, 4.71238898038469, 4,
1.202103366591952, 0.32, 0, 0.007400196028455958, 4.71238898038469, 4,
1.2087635430175625, 0.32, 0, 0.006660176425610362, 4.71238898038469, 4,
1.2161637390460185, 0.32, 0, 0.007400196028455958, 4.71238898038469, 4,
1.2235639350744745, 0.32, 0, 0.007400196028455958, 4.71238898038469, 4,
1.2309641311029305, 0.32, 0, 0.007400196028455958, 4.71238898038469, 4,
1.2383643271313864, 0.32, 0, 0.007400196028455958, 4.71238898038469, 4,
1.2457645231598424, 0.32, 0, 0.007400196028455958, 4.71238898038469, 4,
1.2531647191882984, 0.32, 0, 0.007400196028455958, 4.71238898038469, 4,
1.2598248956139089, 0.32, 0, 0.006660176425610362, 4.71238898038469, 4,
1.2664850720395193, 0.32, 0, 0.006660176425610362, 4.71238898038469, 4,
1.2738852680679753, 0.32, 0, 0.007400196028455958, 4.71238898038469, 4,
1.2812854640964313, 0.32, 0, 0.007400196028455958, 4.71238898038469, 4,
1.2886856601248873, 0.32, 0, 0.007400196028455958, 4.71238898038469, 4,
1.2953458365504977, 0.32, 0, 0.006660176425610362, 4.71238898038469, 4,
1.3012659933732624, 0.32, 0, 0.005920156822764766, 4.71238898038469, 4,
1.3086661894017184, 0.32, 0, 0.007400196028455958, 4.71238898038469, 4,
1.3160663854301744, 0.32, 0, 0.007400196028455958, 4.71238898038469, 4,
1.3227265618557849, 0.32, 0, 0.006660176425610362, 4.71238898038469, 4,
1.3293867382813953, 0.32, 0, 0.006660176425610362, 4.71238898038469, 4,
1.3293867382813953, 0.32, 0, 0, 0, 5,
1.3293867382813953, 0.32, 0, 0, 0, 5,
1.3293867382813953, 0.32, 0, 0, 0, 5,
1.3293867382813953, 0.32, 0, 0, 0, 5,
1.3293867382813953, 0.32, 0, 0, 0, 5,
1.3293867382813953, 0.32, 0, 0, 0, 5,
1.3293867382813953, 0.32, 0, 0, 0, 5,
1.3293867382813953, 0.32, 0, 0, 0, 5,
1.3293867382813953, 0.32, 0, 0, 0, 5,
1.3293867382813953, 0.32, 0, 0, 0, 5,
1.3293867382813953, 0.32, 0, 0, 0, 5,
1.3293867382813953, 0.32, 0, 0, 0, 5,
1.3293867382813953, 0.32, 0, 0, 0, 5,
1.3293867382813953, 0.32, 0, 0, 0, 5,
1.3293867382813953, 0.32, 0, 0, 0, 5,
1.3293867382813953, 0.32, 0, 0, 0, 5,
1.3293867382813953, 0.32, 0, 0, 0, 5,
1.3293867382813953, 0.32, 0, 0, 0, 5,
1.3293867382813953, 0.32, 0, 0, 0, 5,
1.3293867382813953, 0.32, 0, 0.0, 0, 6,
1.3293867382813953, 0.32, 0, 0.0, 0, 6,
1.3293867382813953, 0.3207400196028456, 0, 0.0007400196028455958, 0, 6,
1.3293867382813953, 0.32222005880853677, 0, 0.0014800392056911916, 0, 6,
1.3293867382813953, 0.32444011761707353, 0, 0.0022200588085367874, 0, 6,
1.3293867382813953, 0.3281402156313015, 0, 0.003700098014227979, 0, 6,
1.3293867382813953, 0.3318403136455295, 0, 0.003700098014227979, 0, 6,
1.3293867382813953, 0.3362804312626031, 0, 0.004440117617073575, 0, 6,
1.3293867382813953, 0.34146056848252226, 0, 0.00518013721991917, 0, 6,
1.3293867382813953, 0.34664070570244143, 0, 0.00518013721991917, 0, 6,
1.3293867382813953, 0.3518208429223606, 0, 0.00518013721991917, 0, 6,
1.3293867382813953, 0.35700098014227977, 0, 0.00518013721991917, 0, 6,
1.3293867382813953, 0.3629211369650445, 0, 0.005920156822764766, 0, 6,
1.3293867382813953, 0.36958131339065486, 0, 0.006660176425610362, 0, 6,
1.3293867382813953, 0.3762414898162652, 0, 0.006660176425610362, 0, 6,
1.3293867382813953, 0.38216164663902996, 0, 0.005920156822764766, 0, 6,
1.3293867382813953, 0.3888218230646403, 0, 0.006660176425610362, 0, 6,
1.3293867382813953, 0.39548199949025065, 0, 0.006660176425610362, 0, 6,
1.3293867382813953, 0.402142175915861, 0, 0.006660176425610362, 0, 6,
1.3293867382813953, 0.409542371944317, 0, 0.007400196028455958, 0, 6,
1.3293867382813953, 0.41694256797277296, 0, 0.007400196028455958, 0, 6,
1.3293867382813953, 0.4236027443983833, 0, 0.006660176425610362, 0, 6,
1.3293867382813953, 0.43026292082399364, 0, 0.006660176425610362, 0, 6,
1.3293867382813953, 0.436923097249604, 0, 0.006660176425610362, 0, 6,
1.3293867382813953, 0.44432329327805997, 0, 0.007400196028455958, 0, 6,
1.3293867382813953, 0.45172348930651596, 0, 0.007400196028455958, 0, 6,
1.3293867382813953, 0.45912368533497194, 0, 0.007400196028455958, 0, 6,
1.3293867382813953, 0.46652388136342793, 0, 0.007400196028455958, 0, 6,
1.3293867382813953, 0.4739240773918839, 0, 0.007400196028455958, 0, 6,
1.3293867382813953, 0.48058425381749426, 0, 0.006660176425610362, 0, 6,
1.3293867382813953, 0.48798444984595024, 0, 0.007400196028455958, 0, 6,
1.3293867382813953, 0.4953846458744062, 0, 0.007400196028455958, 0, 6,
1.3293867382813953, 0.5027848419028622, 0, 0.007400196028455958, 0, 6,
1.3293867382813953, 0.5101850379313182, 0, 0.007400196028455958, 0, 6,
1.3293867382813953, 0.5175852339597742, 0, 0.007400196028455958, 0, 6,
1.3293867382813953, 0.5249854299882302, 0, 0.007400196028455958, 0, 6,
1.3293867382813953, 0.5323856260166862, 0, 0.007400196028455958, 0, 6,
1.3293867382813953, 0.5397858220451421, 0, 0.007400196028455958, 0, 6,
1.3293867382813953, 0.5471860180735981, 0, 0.007400196028455958, 0, 6,
1.3293867382813953, 0.5545862141020541, 0, 0.007400196028455958, 0, 6,
1.3293867382813953, 0.5627264297333556, 0, 0.008140215631301552, 0, 6,
1.3293867382813953, 0.569386606158966, 0, 0.006660176425610362, 0, 6,
1.3293867382813953, 0.576786802187422, 0, 0.007400196028455958, 0, 6,
1.3293867382813953, 0.5841869982158779, 0, 0.007400196028455958, 0, 6,
1.3293867382813953, 0.5915871942443339, 0, 0.007400196028455958, 0, 6,
1.3293867382813953, 0.5989873902727899, 0, 0.007400196028455958, 0, 6,
1.3293867382813953, 0.6063875863012459, 0, 0.007400196028455958, 0, 6,
1.3293867382813953, 0.6137877823297019, 0, 0.007400196028455958, 0, 6,
1.3293867382813953, 0.6211879783581579, 0, 0.007400196028455958, 0, 6,
1.3293867382813953, 0.6285881743866139, 0, 0.007400196028455958, 0, 6,
1.3293867382813953, 0.6359883704150698, 0, 0.007400196028455958, 0, 6,
1.3293867382813953, 0.6433885664435258, 0, 0.007400196028455958, 0, 6,
1.3293867382813953, 0.6515287820748273, 0, 0.008140215631301552, 0, 6,
1.3293867382813953, 0.6589289781032833, 0, 0.007400196028455958, 0, 6,
1.3293867382813953, 0.6663291741317393, 0, 0.007400196028455958, 0, 6,
1.3293867382813953, 0.6737293701601953, 0, 0.007400196028455958, 0, 6,
1.3293867382813953, 0.6811295661886513, 0, 0.007400196028455958, 0, 6,
1.3293867382813953, 0.6877897426142616, 0, 0.006660176425610362, 0, 6,
1.3293867382813953, 0.694449919039872, 0, 0.006660176425610362, 0, 6,
1.3293867382813953, 0.701850115068328, 0, 0.007400196028455958, 0, 6,
1.3293867382813953, 0.7099903306996295, 0, 0.008140215631301552, 0, 6,
1.3293867382813953, 0.7173905267280855, 0, 0.007400196028455958, 0, 6,
1.3293867382813953, 0.7247907227565414, 0, 0.007400196028455958, 0, 6,
1.3293867382813953, 0.7314508991821518, 0, 0.006660176425610362, 0, 6,
1.3293867382813953, 0.7388510952106078, 0, 0.007400196028455958, 0, 6,
1.3293867382813953, 0.7462512912390638, 0, 0.007400196028455958, 0, 6,
1.3293867382813953, 0.7536514872675197, 0, 0.007400196028455958, 0, 6,
1.3293867382813953, 0.7610516832959757, 0, 0.007400196028455958, 0, 6,
1.3293867382813953, 0.7684518793244317, 0, 0.007400196028455958, 0, 6,
1.3293867382813953, 0.775112055750042, 0, 0.006660176425610362, 0, 6,
1.3293867382813953, 0.782512251778498, 0, 0.007400196028455958, 0, 6,
1.3293867382813953, 0.789912447806954, 0, 0.007400196028455958, 0, 6,
1.3293867382813953, 0.7980526634382555, 0, 0.008140215631301552, 0, 6,
1.3293867382813953, 0.8061928790695571, 0, 0.008140215631301552, 0, 6,
1.3293867382813953, 0.813593075098013, 0, 0.007400196028455958, 0, 6,
1.3293867382813953, 0.820993271126469, 0, 0.007400196028455958, 0, 6,
1.3293867382813953, 0.828393467154925, 0, 0.007400196028455958, 0, 6,
1.3293867382813953, 0.835793663183381, 0, 0.007400196028455958, 0, 6,
1.3293867382813953, 0.843193859211837, 0, 0.007400196028455958, 0, 6,
1.3293867382813953, 0.850594055240293, 0, 0.007400196028455958, 0, 6,
1.3293867382813953, 0.857994251268749, 0, 0.007400196028455958, 0, 6,
1.3293867382813953, 0.8646544276943593, 0, 0.006660176425610362, 0, 6,
1.3293867382813953, 0.8727946433256608, 0, 0.008140215631301552, 0, 6,
1.3293867382813953, 0.8801948393541168, 0, 0.007400196028455958, 0, 6,
1.3293867382813953, 0.8875950353825728, 0, 0.007400196028455958, 0, 6,
1.3293867382813953, 0.8949952314110288, 0, 0.007400196028455958, 0, 6,
1.3293867382813953, 0.9023954274394848, 0, 0.007400196028455958, 0, 6,
1.3293867382813953, 0.9097956234679407, 0, 0.007400196028455958, 0, 6,
1.3293867382813953, 0.9164557998935511, 0, 0.006660176425610362, 0, 6,
1.3293867382813953, 0.9238559959220071, 0, 0.007400196028455958, 0, 6,
1.3293867382813953, 0.931256191950463, 0, 0.007400196028455958, 0, 6,
1.3293867382813953, 0.9379163683760734, 0, 0.006660176425610362, 0, 6,
1.3293867382813953, 0.9460565840073749, 0, 0.008140215631301552, 0, 6,
1.3293867382813953, 0.9541967996386764, 0, 0.008140215631301552, 0, 6,
1.3293867382813953, 0.9615969956671324, 0, 0.007400196028455958, 0, 6,
1.3293867382813953, 0.9689971916955884, 0, 0.007400196028455958, 0, 6,
1.3293867382813953, 0.9763973877240444, 0, 0.007400196028455958, 0, 6,
1.3293867382813953, 0.9837975837525004, 0, 0.007400196028455958, 0, 6,
1.3293867382813953, 0.9911977797809564, 0, 0.007400196028455958, 0, 6,
1.3293867382813953, 0.9978579562065667, 0, 0.006660176425610362, 0, 6,
1.3293867382813953, 1.0059981718378683, 0, 0.008140215631301552, 0, 6,
1.3293867382813953, 1.0141383874691698, 0, 0.008140215631301552, 0, 6,
1.3293867382813953, 1.0207985638947803, 0, 0.006660176425610362, 0, 6,
1.3293867382813953, 1.026718720717545, 0, 0.005920156822764766, 0, 6,
1.3293867382813953, 1.034118916746001, 0, 0.007400196028455958, 0, 6,
1.3293867382813953, 1.041519112774457, 0, 0.007400196028455958, 0, 6,
1.3293867382813953, 1.048919308802913, 0, 0.007400196028455958, 0, 6,
1.3293867382813953, 1.056319504831369, 0, 0.007400196028455958, 0, 6,
1.3293867382813953, 1.063719700859825, 0, 0.007400196028455958, 0, 6,
1.3293867382813953, 1.071119896888281, 0, 0.007400196028455958, 0, 6,
1.3293867382813953, 1.078520092916737, 0, 0.007400196028455958, 0, 6,
1.3293867382813953, 1.0859202889451929, 0, 0.007400196028455958, 0, 6,
1.3293867382813953, 1.0940605045764944, 0, 0.008140215631301552, 0, 6,
1.3293867382813953, 1.1014607006049504, 0, 0.007400196028455958, 0, 6,
1.3293867382813953, 1.1088608966334064, 0, 0.007400196028455958, 0, 6,
1.3293867382813953, 1.1162610926618624, 0, 0.007400196028455958, 0, 6,
1.3293867382813953, 1.1236612886903183, 0, 0.007400196028455958, 0, 6,
1.3293867382813953, 1.1303214651159288, 0, 0.006660176425610362, 0, 6,
1.3293867382813953, 1.1377216611443848, 0, 0.007400196028455958, 0, 6,
1.3293867382813953, 1.1451218571728408, 0, 0.007400196028455958, 0, 6,
1.3293867382813953, 1.1525220532012967, 0, 0.007400196028455958, 0, 6,
1.3293867382813953, 1.1599222492297527, 0, 0.007400196028455958, 0, 6,
1.3293867382813953, 1.1673224452582087, 0, 0.007400196028455958, 0, 6,
1.3293867382813953, 1.1725025824781279, 0, 0.00518013721991917, 0, 6,
1.3293867382813953, 1.1784227393008926, 0, 0.005920156822764766, 0, 6,
1.3293867382813953, 1.1858229353293486, 0, 0.007400196028455958, 0, 6,
1.3293867382813953, 1.1917430921521133, 0, 0.005920156822764766, 0, 6,
1.3293867382813953, 1.1991432881805693, 0, 0.007400196028455958, 0, 6,
1.3293867382813953, 1.2065434842090252, 0, 0.007400196028455958, 0, 6,
1.3293867382813953, 1.2139436802374812, 0, 0.007400196028455958, 0, 6,
1.3293867382813953, 1.2213438762659372, 0, 0.007400196028455958, 0, 6,
1.3293867382813953, 1.2280040526915477, 0, 0.006660176425610362, 0, 6,
1.3293867382813953, 1.2354042487200037, 0, 0.007400196028455958, 0, 6,
1.3293867382813953, 1.2428044447484596, 0, 0.007400196028455958, 0, 6,
1.3293867382813953, 1.2509446603797612, 0, 0.008140215631301552, 0, 6,
1.3293867382813953, 1.2561247975996803, 0, 0.00518013721991917, 0, 6,
1.3293867382813953, 1.2613049348195995, 0, 0.00518013721991917, 0, 6,
1.3293867382813953, 1.269445150450901, 0, 0.008140215631301552, 0, 6,
1.3293867382813953, 1.276845346479357, 0, 0.007400196028455958, 0, 6,
1.3293867382813953, 1.2835055229049674, 0, 0.006660176425610362, 0, 6,
1.3293867382813953, 1.290165699330578, 0, 0.006660176425610362, 0, 6,
1.3293867382813953, 1.2975658953590339, 0, 0.007400196028455958, 0, 6,
1.3293867382813953, 1.3057061109903354, 0, 0.008140215631301552, 0, 6,
1.3293867382813953, 1.3131063070187914, 0, 0.007400196028455958, 0, 6,
1.3293867382813953, 1.3205065030472474, 0, 0.007400196028455958, 0, 6,
1.3293867382813953, 1.3279066990757034, 0, 0.007400196028455958, 0, 6,
1.3293867382813953, 1.3279066990757034, 0, 0, 1.5707963267948966, 7,
1.3293867382813953, 1.3279066990757034, 0, 0, 1.5707963267948966, 7,
1.3293867382813953, 1.3279066990757034, 0, 0, 1.5707963267948966, 7,
1.3293867382813953, 1.3279066990757034, 0, 0, 1.5707963267948966, 7,
1.3293867382813953, 1.3279066990757034, 0, 0, 1.5707963267948966, 7,
1.3293867382813953, 1.3279066990757034, 0, 0, 1.5707963267948966, 7,
1.3293867382813953, 1.3279066990757034, 0, 0, 1.5707963267948966, 7,
1.3293867382813953, 1.3279066990757034, 0, 0, 1.5707963267948966, 7,
1.3293867382813953, 1.3279066990757034, 0, 0, 1.5707963267948966, 7,
1.3293867382813953, 1.3279066990757034, 0, 0, 1.5707963267948966, 7,
1.3293867382813953, 1.3279066990757034, 0, 0, 1.5707963267948966, 7,
1.3293867382813953, 1.3279066990757034, 0, 0, 1.5707963267948966, 7,
1.3293867382813953, 1.3279066990757034, 0, 0, 1.5707963267948966, 7,
1.3293867382813953, 1.3279066990757034, 0, 0, 1.5707963267948966, 7,
1.3293867382813953, 1.3279066990757034, 0, 0, 1.5707963267948966, 7,
1.3293867382813953, 1.3279066990757034, 0, 0, 1.5707963267948966, 7,
1.3293867382813953, 1.3279066990757034, 0, 0, 1.5707963267948966, 7,
1.3293867382813953, 1.3279066990757034, 0, 0, 1.5707963267948966, 7,
1.3293867382813953, 1.3279066990757034, 0, 0, 1.5707963267948966, 7,
1.3293867382813953, 1.3279066990757034, 0, 0, 1.5707963267948966, 7,
1.3293867382813953, 1.3279066990757034, 0, 0, 1.5707963267948966, 7,
1.3293867382813953, 1.3279066990757034, 0, 0, 1.5707963267948966, 7,
1.3286467186785498, 1.3279066990757034, 0, 0.0007400196028455958, 1.5707963267948966, 8,
1.3286467186785498, 1.3279066990757034, 0, 0.0, 1.5707963267948966, 8,
1.3286467186785498, 1.3279066990757034, 0, 0.0, 1.5707963267948966, 8,
1.3286467186785498, 1.3279066990757034, 0, 0.0, 1.5707963267948966, 8,
1.3286467186785498, 1.3279066990757034, 0, 0.0, 1.5707963267948966, 8,
1.3286467186785498, 1.3279066990757034, 0, 0.0, 1.5707963267948966, 8,
1.3286467186785498, 1.3279066990757034, 0, 0.0, 1.5707963267948966, 8,
1.3271666794728585, 1.3279066990757034, 0, 0.0014800392056911916, 1.5707963267948966, 8,
1.3249466206643217, 1.3279066990757034, 0, 0.0022200588085367874, 1.5707963267948966, 8,
1.3219865422529393, 1.3279066990757034, 0, 0.002960078411382383, 1.5707963267948966, 8,
1.3182864442387114, 1.3279066990757034, 0, 0.003700098014227979, 1.5707963267948966, 8,
1.3138463266216378, 1.3279066990757034, 0, 0.004440117617073575, 1.5707963267948966, 8,
1.3086661894017186, 1.3279066990757034, 0, 0.00518013721991917, 1.5707963267948966, 8,
1.3034860521817995, 1.3279066990757034, 0, 0.00518013721991917, 1.5707963267948966, 8,
1.2983059149618803, 1.3279066990757034, 0, 0.00518013721991917, 1.5707963267948966, 8,
1.2923857581391156, 1.3279066990757034, 0, 0.005920156822764766, 1.5707963267948966, 8,
1.286465601316351, 1.3279066990757034, 0, 0.005920156822764766, 1.5707963267948966, 8,
1.2805454444935862, 1.3279066990757034, 0, 0.005920156822764766, 1.5707963267948966, 8,
1.2738852680679758, 1.3279066990757034, 0, 0.006660176425610362, 1.5707963267948966, 8,
1.2672250916423653, 1.3279066990757034, 0, 0.006660176425610362, 1.5707963267948966, 8,
1.2605649152167548, 1.3279066990757034, 0, 0.006660176425610362, 1.5707963267948966, 8,
1.2539047387911444, 1.3279066990757034, 0, 0.006660176425610362, 1.5707963267948966, 8,
1.247244562365534, 1.3279066990757034, 0, 0.006660176425610362, 1.5707963267948966, 8,
1.2405843859399235, 1.3279066990757034, 0, 0.006660176425610362, 1.5707963267948966, 8,
1.233924209514313, 1.3279066990757034, 0, 0.006660176425610362, 1.5707963267948966, 8,
1.226524013485857, 1.3279066990757034, 0, 0.007400196028455958, 1.5707963267948966, 8,
1.219123817457401, 1.3279066990757034, 0, 0.007400196028455958, 1.5707963267948966, 8,
1.2124636410317906, 1.3279066990757034, 0, 0.006660176425610362, 1.5707963267948966, 8,
1.206543484209026, 1.3279066990757034, 0, 0.005920156822764766, 1.5707963267948966, 8,
1.19914328818057, 1.3279066990757034, 0, 0.007400196028455958, 1.5707963267948966, 8,
1.1910030725492684, 1.3279066990757034, 0, 0.008140215631301552, 1.5707963267948966, 8,
1.184342896123658, 1.3279066990757034, 0, 0.006660176425610362, 1.5707963267948966, 8,
1.1776827196980475, 1.3279066990757034, 0, 0.006660176425610362, 1.5707963267948966, 8,
1.171022543272437, 1.3279066990757034, 0, 0.006660176425610362, 1.5707963267948966, 8,
1.163622347243981, 1.3279066990757034, 0, 0.007400196028455958, 1.5707963267948966, 8,
1.156222151215525, 1.3279066990757034, 0, 0.007400196028455958, 1.5707963267948966, 8,
1.148821955187069, 1.3279066990757034, 0, 0.007400196028455958, 1.5707963267948966, 8,
1.141421759158613, 1.3279066990757034, 0, 0.007400196028455958, 1.5707963267948966, 8,
1.1332815435273116, 1.3279066990757034, 0, 0.008140215631301552, 1.5707963267948966, 8,
1.1266213671017011, 1.3279066990757034, 0, 0.006660176425610362, 1.5707963267948966, 8,
1.1199611906760907, 1.3279066990757034, 0, 0.006660176425610362, 1.5707963267948966, 8,
1.1133010142504802, 1.3279066990757034, 0, 0.006660176425610362, 1.5707963267948966, 8,
1.1051607986191787, 1.3279066990757034, 0, 0.008140215631301552, 1.5707963267948966, 8,
1.0970205829878772, 1.3279066990757034, 0, 0.008140215631301552, 1.5707963267948966, 8,
1.0896203869594212, 1.3279066990757034, 0, 0.007400196028455958, 1.5707963267948966, 8,
1.0837002301366565, 1.3279066990757034, 0, 0.005920156822764766, 1.5707963267948966, 8,
1.0777800733138918, 1.3279066990757034, 0, 0.005920156822764766, 1.5707963267948966, 8,
1.0696398576825903, 1.3279066990757034, 0, 0.008140215631301552, 1.5707963267948966, 8,
1.0614996420512888, 1.3279066990757034, 0, 0.008140215631301552, 1.5707963267948966, 8,
1.0540994460228328, 1.3279066990757034, 0, 0.007400196028455958, 1.5707963267948966, 8,
1.0466992499943768, 1.3279066990757034, 0, 0.007400196028455958, 1.5707963267948966, 8,
1.0392990539659208, 1.3279066990757034, 0, 0.007400196028455958, 1.5707963267948966, 8,
1.0318988579374648, 1.3279066990757034, 0, 0.007400196028455958, 1.5707963267948966, 8,
1.0244986619090088, 1.3279066990757034, 0, 0.007400196028455958, 1.5707963267948966, 8,
1.0170984658805529, 1.3279066990757034, 0, 0.007400196028455958, 1.5707963267948966, 8,
1.0096982698520969, 1.3279066990757034, 0, 0.007400196028455958, 1.5707963267948966, 8,
1.0015580542207954, 1.3279066990757034, 0, 0.008140215631301552, 1.5707963267948966, 8,
0.9941578581923394, 1.3279066990757034, 0, 0.007400196028455958, 1.5707963267948966, 8,
0.9867576621638834, 1.3279066990757034, 0, 0.007400196028455958, 1.5707963267948966, 8,
0.980097485738273, 1.3279066990757034, 0, 0.006660176425610362, 1.5707963267948966, 8,
0.9726972897098171, 1.3279066990757034, 0, 0.007400196028455958, 1.5707963267948966, 8,
0.9652970936813611, 1.3279066990757034, 0, 0.007400196028455958, 1.5707963267948966, 8,
0.9578968976529051, 1.3279066990757034, 0, 0.007400196028455958, 1.5707963267948966, 8,
0.9504967016244491, 1.3279066990757034, 0, 0.007400196028455958, 1.5707963267948966, 8,
0.9430965055959931, 1.3279066990757034, 0, 0.007400196028455958, 1.5707963267948966, 8,
0.9364363291703828, 1.3279066990757034, 0, 0.006660176425610362, 1.5707963267948966, 8,
0.9297761527447724, 1.3279066990757034, 0, 0.006660176425610362, 1.5707963267948966, 8,
0.9231159763191621, 1.3279066990757034, 0, 0.006660176425610362, 1.5707963267948966, 8,
0.9164557998935517, 1.3279066990757034, 0, 0.006660176425610362, 1.5707963267948966, 8,
0.9090556038650958, 1.3279066990757034, 0, 0.007400196028455958, 1.5707963267948966, 8,
0.9016554078366398, 1.3279066990757034, 0, 0.007400196028455958, 1.5707963267948966, 8,
0.8942552118081838, 1.3279066990757034, 0, 0.007400196028455958, 1.5707963267948966, 8,
0.8868550157797278, 1.3279066990757034, 0, 0.007400196028455958, 1.5707963267948966, 8,
0.8794548197512718, 1.3279066990757034, 0, 0.007400196028455958, 1.5707963267948966, 8,
0.8720546237228158, 1.3279066990757034, 0, 0.007400196028455958, 1.5707963267948966, 8,
0.8653944472972055, 1.3279066990757034, 0, 0.006660176425610362, 1.5707963267948966, 8,
0.8579942512687495, 1.3279066990757034, 0, 0.007400196028455958, 1.5707963267948966, 8,
0.8505940552402935, 1.3279066990757034, 0, 0.007400196028455958, 1.5707963267948966, 8,
0.8439338788146832, 1.3279066990757034, 0, 0.006660176425610362, 1.5707963267948966, 8,
0.8365336827862272, 1.3279066990757034, 0, 0.007400196028455958, 1.5707963267948966, 8,
0.8283934671549257, 1.3279066990757034, 0, 0.008140215631301552, 1.5707963267948966, 8,
0.8209932711264697, 1.3279066990757034, 0, 0.007400196028455958, 1.5707963267948966, 8,
0.8135930750980137, 1.3279066990757034, 0, 0.007400196028455958, 1.5707963267948966, 8,
0.8061928790695577, 1.3279066990757034, 0, 0.007400196028455958, 1.5707963267948966, 8,
0.7987926830411017, 1.3279066990757034, 0, 0.007400196028455958, 1.5707963267948966, 8,
0.7913924870126458, 1.3279066990757034, 0, 0.007400196028455958, 1.5707963267948966, 8,
0.7839922909841898, 1.3279066990757034, 0, 0.007400196028455958, 1.5707963267948966, 8,
0.7765920949557338, 1.3279066990757034, 0, 0.007400196028455958, 1.5707963267948966, 8,
0.7691918989272778, 1.3279066990757034, 0, 0.007400196028455958, 1.5707963267948966, 8,
0.7617917028988218, 1.3279066990757034, 0, 0.007400196028455958, 1.5707963267948966, 8,
0.7536514872675203, 1.3279066990757034, 0, 0.008140215631301552, 1.5707963267948966, 8,
0.7462512912390643, 1.3279066990757034, 0, 0.007400196028455958, 1.5707963267948966, 8,
0.7388510952106083, 1.3279066990757034, 0, 0.007400196028455958, 1.5707963267948966, 8,
0.7314508991821523, 1.3279066990757034, 0, 0.007400196028455958, 1.5707963267948966, 8,
0.7240507031536964, 1.3279066990757034, 0, 0.007400196028455958, 1.5707963267948966, 8,
0.7166505071252404, 1.3279066990757034, 0, 0.007400196028455958, 1.5707963267948966, 8,
0.70999033069963, 1.3279066990757034, 0, 0.006660176425610362, 1.5707963267948966, 8,
0.702590134671174, 1.3279066990757034, 0, 0.007400196028455958, 1.5707963267948966, 8,
0.6959299582455637, 1.3279066990757034, 0, 0.006660176425610362, 1.5707963267948966, 8,
0.6885297622171077, 1.3279066990757034, 0, 0.007400196028455958, 1.5707963267948966, 8,
0.6803895465858062, 1.3279066990757034, 0, 0.008140215631301552, 1.5707963267948966, 8,
0.6737293701601959, 1.3279066990757034, 0, 0.006660176425610362, 1.5707963267948966, 8,
0.6663291741317399, 1.3279066990757034, 0, 0.007400196028455958, 1.5707963267948966, 8,
0.6589289781032839, 1.3279066990757034, 0, 0.007400196028455958, 1.5707963267948966, 8,
0.6515287820748279, 1.3279066990757034, 0, 0.007400196028455958, 1.5707963267948966, 8,
0.6441285860463719, 1.3279066990757034, 0, 0.007400196028455958, 1.5707963267948966, 8,
0.6367283900179159, 1.3279066990757034, 0, 0.007400196028455958, 1.5707963267948966, 8,
0.6293281939894599, 1.3279066990757034, 0, 0.007400196028455958, 1.5707963267948966, 8,
0.6211879783581584, 1.3279066990757034, 0, 0.008140215631301552, 1.5707963267948966, 8,
0.6137877823297024, 1.3279066990757034, 0, 0.007400196028455958, 1.5707963267948966, 8,
0.6063875863012465, 1.3279066990757034, 0, 0.007400196028455958, 1.5707963267948966, 8,
0.5989873902727905, 1.3279066990757034, 0, 0.007400196028455958, 1.5707963267948966, 8,
0.5915871942443345, 1.3279066990757034, 0, 0.007400196028455958, 1.5707963267948966, 8,
0.5841869982158785, 1.3279066990757034, 0, 0.007400196028455958, 1.5707963267948966, 8,
0.5767868021874225, 1.3279066990757034, 0, 0.007400196028455958, 1.5707963267948966, 8,
0.5701266257618122, 1.3279066990757034, 0, 0.006660176425610362, 1.5707963267948966, 8,
0.5627264297333562, 1.3279066990757034, 0, 0.007400196028455958, 1.5707963267948966, 8,
0.5553262337049002, 1.3279066990757034, 0, 0.007400196028455958, 1.5707963267948966, 8,
0.5471860180735987, 1.3279066990757034, 0, 0.008140215631301552, 1.5707963267948966, 8,
0.5397858220451427, 1.3279066990757034, 0, 0.007400196028455958, 1.5707963267948966, 8,
0.5323856260166867, 1.3279066990757034, 0, 0.007400196028455958, 1.5707963267948966, 8,
0.5249854299882307, 1.3279066990757034, 0, 0.007400196028455958, 1.5707963267948966, 8,
0.5175852339597747, 1.3279066990757034, 0, 0.007400196028455958, 1.5707963267948966, 8,
0.5101850379313188, 1.3279066990757034, 0, 0.007400196028455958, 1.5707963267948966, 8,
0.5020448223000172, 1.3279066990757034, 0, 0.008140215631301552, 1.5707963267948966, 8,
0.49464462627156125, 1.3279066990757034, 0, 0.007400196028455958, 1.5707963267948966, 8,
0.48724443024310526, 1.3279066990757034, 0, 0.007400196028455958, 1.5707963267948966, 8,
0.4798442342146493, 1.3279066990757034, 0, 0.007400196028455958, 1.5707963267948966, 8,
0.4724440381861933, 1.3279066990757034, 0, 0.007400196028455958, 1.5707963267948966, 8,
0.4650438421577373, 1.3279066990757034, 0, 0.007400196028455958, 1.5707963267948966, 8,
0.4576436461292813, 1.3279066990757034, 0, 0.007400196028455958, 1.5707963267948966, 8,
0.45024345010082534, 1.3279066990757034, 0, 0.007400196028455958, 1.5707963267948966, 8,
0.44284325407236935, 1.3279066990757034, 0, 0.007400196028455958, 1.5707963267948966, 8,
0.44284325407236935, 1.3279066990757034, 0, 0, 3.141592653589793, 12,
0.44284325407236935, 1.3279066990757034, 0, 0, 3.141592653589793, 12,
0.44284325407236935, 1.3279066990757034, 0, 0, 3.141592653589793, 12,
0.44284325407236935, 1.3279066990757034, 0, 0, 3.141592653589793, 12,
0.44284325407236935, 1.3279066990757034, 0, 0, 3.141592653589793, 12,
0.44284325407236935, 1.3279066990757034, 0, 0, 3.141592653589793, 12,
0.44284325407236935, 1.3279066990757034, 0, 0, 3.141592653589793, 12,
0.44284325407236935, 1.3279066990757034, 0, 0, 3.141592653589793, 12,
0.44284325407236935, 1.3279066990757034, 0, 0, 3.141592653589793, 12,
0.44284325407236935, 1.3279066990757034, 0, 0, 3.141592653589793, 12,
0.44284325407236935, 1.3279066990757034, 0, 0, 3.141592653589793, 12,
0.44284325407236935, 1.3279066990757034, 0, 0, 3.141592653589793, 12,
0.44284325407236935, 1.3279066990757034, 0, 0, 3.141592653589793, 12,
0.44284325407236935, 1.3279066990757034, 0, 0, 3.141592653589793, 12,
0.44284325407236935, 1.3279066990757034, 0, 0, 3.141592653589793, 12,
0.44284325407236935, 1.3279066990757034, 0, 0, 3.141592653589793, 12,
0.44284325407236935, 1.3279066990757034, 0, 0, 3.141592653589793, 12,
0.44284325407236935, 1.3279066990757034, 0, 0, 3.141592653589793, 12,
0.44284325407236935, 1.3279066990757034, 0, 0, 3.141592653589793, 12,
0.44284325407236935, 1.3279066990757034, 0, 0, 3.141592653589793, 12,
0.44284325407236935, 1.3279066990757034, 0, 0, 3.141592653589793, 12,
0.44284325407236935, 1.3279066990757034, 0, 0, 3.141592653589793, 12,
0.44284325407236935, 1.3279066990757034, 0, 0, 3.141592653589793, 12,
0.44284325407236935, 1.3279066990757034, 0, 0.0, 3.141592653589793, 13,
0.44284325407236935, 1.3279066990757034, 0, 0.0, 3.141592653589793, 13,
0.44284325407236935, 1.3271666794728578, 0, 0.0007400196028455958, 3.141592653589793, 13,
0.44284325407236935, 1.3271666794728578, 0, 0.0, 3.141592653589793, 13,
0.44284325407236935, 1.3271666794728578, 0, 0.0, 3.141592653589793, 13,
0.44284325407236935, 1.3271666794728578, 0, 0.0, 3.141592653589793, 13,
0.44284325407236935, 1.3271666794728578, 0, 0.0, 3.141592653589793, 13,
0.44284325407236935, 1.3256866402671665, 0, 0.0014800392056911916, 3.141592653589793, 13,
0.44284325407236935, 1.3234665814586297, 0, 0.0022200588085367874, 3.141592653589793, 13,
0.44284325407236935, 1.3197664834444018, 0, 0.003700098014227979, 3.141592653589793, 13,
0.44284325407236935, 1.3153263658273282, 0, 0.004440117617073575, 3.141592653589793, 13,
0.44284325407236935, 1.3108862482102546, 0, 0.004440117617073575, 3.141592653589793, 13,
0.44284325407236935, 1.306446130593181, 0, 0.004440117617073575, 3.141592653589793, 13,
0.44284325407236935, 1.3012659933732618, 0, 0.00518013721991917, 3.141592653589793, 13,
0.44284325407236935, 1.295345836550497, 0, 0.005920156822764766, 3.141592653589793, 13,
0.44284325407236935, 1.2894256797277324, 0, 0.005920156822764766, 3.141592653589793, 13,
0.44284325407236935, 1.2835055229049677, 0, 0.005920156822764766, 3.141592653589793, 13,
0.44284325407236935, 1.277585366082203, 0, 0.005920156822764766, 3.141592653589793, 13,
0.44284325407236935, 1.2716652092594383, 0, 0.005920156822764766, 3.141592653589793, 13,
0.44284325407236935, 1.2650050328338278, 0, 0.006660176425610362, 3.141592653589793, 13,
0.44284325407236935, 1.2583448564082174, 0, 0.006660176425610362, 3.141592653589793, 13,
0.44284325407236935, 1.251684679982607, 0, 0.006660176425610362, 3.141592653589793, 13,
0.44284325407236935, 1.2450245035569965, 0, 0.006660176425610362, 3.141592653589793, 13,
0.44284325407236935, 1.238364327131386, 0, 0.006660176425610362, 3.141592653589793, 13,
0.44284325407236935, 1.23096413110293, 0, 0.007400196028455958, 3.141592653589793, 13,
0.44284325407236935, 1.223563935074474, 0, 0.007400196028455958, 3.141592653589793, 13,
0.44284325407236935, 1.2169037586488636, 0, 0.006660176425610362, 3.141592653589793, 13,
0.44284325407236935, 1.2109836018260989, 0, 0.005920156822764766, 3.141592653589793, 13,
0.44284325407236935, 1.2043234254004884, 0, 0.006660176425610362, 3.141592653589793, 13,
0.44284325407236935, 1.1969232293720324, 0, 0.007400196028455958, 3.141592653589793, 13,
0.44284325407236935, 1.190263052946422, 0, 0.006660176425610362, 3.141592653589793, 13,
0.44284325407236935, 1.1836028765208115, 0, 0.006660176425610362, 3.141592653589793, 13,
0.44284325407236935, 1.1762026804923555, 0, 0.007400196028455958, 3.141592653589793, 13,
0.44284325407236935, 1.1688024844638996, 0, 0.007400196028455958, 3.141592653589793, 13,
0.44284325407236935, 1.1614022884354436, 0, 0.007400196028455958, 3.141592653589793, 13,
0.44284325407236935, 1.1547421120098331, 0, 0.006660176425610362, 3.141592653589793, 13,
0.44284325407236935, 1.1480819355842227, 0, 0.006660176425610362, 3.141592653589793, 13,
0.44284325407236935, 1.1414217591586122, 0, 0.006660176425610362, 3.141592653589793, 13,
0.44284325407236935, 1.1340215631301562, 0, 0.007400196028455958, 3.141592653589793, 13,
0.44284325407236935, 1.1266213671017002, 0, 0.007400196028455958, 3.141592653589793, 13,
0.44284325407236935, 1.1184811514703987, 0, 0.008140215631301552, 3.141592653589793, 13,
0.44284325407236935, 1.1118209750447883, 0, 0.006660176425610362, 3.141592653589793, 13,
0.44284325407236935, 1.1044207790163323, 0, 0.007400196028455958, 3.141592653589793, 13,
0.44284325407236935, 1.0970205829878763, 0, 0.007400196028455958, 3.141592653589793, 13,
0.44284325407236935, 1.0896203869594203, 0, 0.007400196028455958, 3.141592653589793, 13,
0.44284325407236935, 1.0822201909309643, 0, 0.007400196028455958, 3.141592653589793, 13,
0.44284325407236935, 1.0748199949025083, 0, 0.007400196028455958, 3.141592653589793, 13,
0.44284325407236935, 1.0674197988740524, 0, 0.007400196028455958, 3.141592653589793, 13,
0.44284325407236935, 1.060759622448442, 0, 0.006660176425610362, 3.141592653589793, 13,
0.44284325407236935, 1.053359426419986, 0, 0.007400196028455958, 3.141592653589793, 13,
0.44284325407236935, 1.04595923039153, 0, 0.007400196028455958, 3.141592653589793, 13,
0.44284325407236935, 1.038559034363074, 0, 0.007400196028455958, 3.141592653589793, 13,
0.44284325407236935, 1.0318988579374635, 0, 0.006660176425610362, 3.141592653589793, 13,
0.44284325407236935, 1.0244986619090075, 0, 0.007400196028455958, 3.141592653589793, 13,
0.44284325407236935, 1.016358446277706, 0, 0.008140215631301552, 3.141592653589793, 13,
0.44284325407236935, 1.0104382894549413, 0, 0.005920156822764766, 3.141592653589793, 13,
0.44284325407236935, 1.0037781130293308, 0, 0.006660176425610362, 3.141592653589793, 13,
0.44284325407236935, 0.9971179366037205, 0, 0.006660176425610362, 3.141592653589793, 13,
0.44284325407236935, 0.988977720972419, 0, 0.008140215631301552, 3.141592653589793, 13,
0.44284325407236935, 0.981577524943963, 0, 0.007400196028455958, 3.141592653589793, 13,
0.44284325407236935, 0.9749173485183527, 0, 0.006660176425610362, 3.141592653589793, 13,
0.44284325407236935, 0.9675171524898967, 0, 0.007400196028455958, 3.141592653589793, 13,
0.44284325407236935, 0.9601169564614407, 0, 0.007400196028455958, 3.141592653589793, 13,
0.44284325407236935, 0.9527167604329847, 0, 0.007400196028455958, 3.141592653589793, 13,
0.44284325407236935, 0.9445765448016832, 0, 0.008140215631301552, 3.141592653589793, 13,
0.44284325407236935, 0.9371763487732272, 0, 0.007400196028455958, 3.141592653589793, 13,
0.44284325407236935, 0.9297761527447712, 0, 0.007400196028455958, 3.141592653589793, 13,
0.44284325407236935, 0.9223759567163152, 0, 0.007400196028455958, 3.141592653589793, 13,
0.44284325407236935, 0.9149757606878592, 0, 0.007400196028455958, 3.141592653589793, 13,
0.44284325407236935, 0.9075755646594033, 0, 0.007400196028455958, 3.141592653589793, 13,
0.44284325407236935, 0.8994353490281017, 0, 0.008140215631301552, 3.141592653589793, 13,
0.44284325407236935, 0.8920351529996458, 0, 0.007400196028455958, 3.141592653589793, 13,
0.44284325407236935, 0.8846349569711898, 0, 0.007400196028455958, 3.141592653589793, 13,
0.44284325407236935, 0.8772347609427338, 0, 0.007400196028455958, 3.141592653589793, 13,
0.44284325407236935, 0.8698345649142778, 0, 0.007400196028455958, 3.141592653589793, 13,
0.44284325407236935, 0.8624343688858218, 0, 0.007400196028455958, 3.141592653589793, 13,
0.44284325407236935, 0.8550341728573658, 0, 0.007400196028455958, 3.141592653589793, 13,
0.44284325407236935, 0.8476339768289098, 0, 0.007400196028455958, 3.141592653589793, 13,
0.44284325407236935, 0.8402337808004539, 0, 0.007400196028455958, 3.141592653589793, 13,
0.44284325407236935, 0.8335736043748435, 0, 0.006660176425610362, 3.141592653589793, 13,
0.44284325407236935, 0.8261734083463875, 0, 0.007400196028455958, 3.141592653589793, 13,
0.44284325407236935, 0.8187732123179315, 0, 0.007400196028455958, 3.141592653589793, 13,
0.44284325407236935, 0.81063299668663, 0, 0.008140215631301552, 3.141592653589793, 13,
0.44284325407236935, 0.803232800658174, 0, 0.007400196028455958, 3.141592653589793, 13,
0.44284325407236935, 0.7965726242325637, 0, 0.006660176425610362, 3.141592653589793, 13,
0.44284325407236935, 0.7891724282041077, 0, 0.007400196028455958, 3.141592653589793, 13,
0.44284325407236935, 0.7817722321756517, 0, 0.007400196028455958, 3.141592653589793, 13,
0.44284325407236935, 0.7743720361471957, 0, 0.007400196028455958, 3.141592653589793, 13,
0.44284325407236935, 0.7662318205158942, 0, 0.008140215631301552, 3.141592653589793, 13,
0.44284325407236935, 0.7588316244874382, 0, 0.007400196028455958, 3.141592653589793, 13,
0.44284325407236935, 0.7514314284589823, 0, 0.007400196028455958, 3.141592653589793, 13,
0.44284325407236935, 0.7440312324305263, 0, 0.007400196028455958, 3.141592653589793, 13,
0.44284325407236935, 0.7366310364020703, 0, 0.007400196028455958, 3.141592653589793, 13,
0.44284325407236935, 0.7292308403736143, 0, 0.007400196028455958, 3.141592653589793, 13,
0.44284325407236935, 0.7218306443451583, 0, 0.007400196028455958, 3.141592653589793, 13,
0.44284325407236935, 0.7144304483167023, 0, 0.007400196028455958, 3.141592653589793, 13,
0.44284325407236935, 0.7062902326854008, 0, 0.008140215631301552, 3.141592653589793, 13,
0.44284325407236935, 0.700370075862636, 0, 0.005920156822764766, 3.141592653589793, 13,
0.44284325407236935, 0.69296987983418, 0, 0.007400196028455958, 3.141592653589793, 13,
0.44284325407236935, 0.685569683805724, 0, 0.007400196028455958, 3.141592653589793, 13,
0.44284325407236935, 0.678169487777268, 0, 0.007400196028455958, 3.141592653589793, 13,
0.44284325407236935, 0.6707692917488121, 0, 0.007400196028455958, 3.141592653589793, 13,
0.44284325407236935, 0.6633690957203561, 0, 0.007400196028455958, 3.141592653589793, 13,
0.44284325407236935, 0.6559688996919001, 0, 0.007400196028455958, 3.141592653589793, 13,
0.44284325407236935, 0.6485687036634441, 0, 0.007400196028455958, 3.141592653589793, 13,
0.44284325407236935, 0.6411685076349881, 0, 0.007400196028455958, 3.141592653589793, 13,
0.44284325407236935, 0.6330282920036866, 0, 0.008140215631301552, 3.141592653589793, 13,
0.44284325407236935, 0.6256280959752306, 0, 0.007400196028455958, 3.141592653589793, 13,
0.44284325407236935, 0.6182278999467746, 0, 0.007400196028455958, 3.141592653589793, 13,
0.44284325407236935, 0.6108277039183186, 0, 0.007400196028455958, 3.141592653589793, 13,
0.44284325407236935, 0.6034275078898627, 0, 0.007400196028455958, 3.141592653589793, 13,
0.44284325407236935, 0.5960273118614067, 0, 0.007400196028455958, 3.141592653589793, 13,
0.44284325407236935, 0.5878870962301052, 0, 0.008140215631301552, 3.141592653589793, 13,
0.44284325407236935, 0.5812269198044948, 0, 0.006660176425610362, 3.141592653589793, 13,
0.44284325407236935, 0.5738267237760388, 0, 0.007400196028455958, 3.141592653589793, 13,
0.44284325407236935, 0.5664265277475828, 0, 0.007400196028455958, 3.141592653589793, 13,
0.44284325407236935, 0.5590263317191269, 0, 0.007400196028455958, 3.141592653589793, 13,
0.44284325407236935, 0.5516261356906709, 0, 0.007400196028455958, 3.141592653589793, 13,
0.44284325407236935, 0.5442259396622149, 0, 0.007400196028455958, 3.141592653589793, 13,
0.44284325407236935, 0.5375657632366045, 0, 0.006660176425610362, 3.141592653589793, 13,
0.44284325407236935, 0.5301655672081486, 0, 0.007400196028455958, 3.141592653589793, 13,
0.44284325407236935, 0.5227653711796926, 0, 0.007400196028455958, 3.141592653589793, 13,
0.44284325407236935, 0.5146251555483911, 0, 0.008140215631301552, 3.141592653589793, 13,
0.44284325407236935, 0.5146251555483911, 0, 0, 0, 14,
0.44284325407236935, 0.5146251555483911, 0, 0, 0, 14,
0.44284325407236935, 0.5146251555483911, 0, 0, 0, 14,
0.44284325407236935, 0.5146251555483911, 0, 0, 0, 14,
0.44284325407236935, 0.5146251555483911, 0, 0, 0, 14,
0.44284325407236935, 0.5146251555483911, 0, 0, 0, 14,
0.44284325407236935, 0.5146251555483911, 0, 0, 0, 14,
0.44284325407236935, 0.5146251555483911, 0, 0, 0, 14,
0.44284325407236935, 0.5146251555483911, 0, 0, 0, 14,
0.44284325407236935, 0.5146251555483911, 0, 0, 0, 14,
0.44284325407236935, 0.5146251555483911, 0, 0, 0, 14,
0.44284325407236935, 0.5146251555483911, 0, 0, 0, 14,
0.44284325407236935, 0.5146251555483911, 0, 0, 0, 14,
0.44284325407236935, 0.5146251555483911, 0, 0, 0, 14,
0.44284325407236935, 0.5146251555483911, 0, 0, 0, 14,
0.44284325407236935, 0.5146251555483911, 0, 0, 0, 14,
0.44284325407236935, 0.5146251555483911, 0, 0, 0, 14,
0.44284325407236935, 0.5146251555483911, 0, 0, 0, 14,
0.44284325407236935, 0.5146251555483911, 0, 0, 0, 14,
0.44284325407236935, 0.5146251555483911, 0, 0, 0, 14,
0.44284325407236935, 0.5146251555483911, 0, 0, 0, 14,
0.44284325407236935, 0.5146251555483911, 0, 0, 0, 14,
0.44284325407236935, 0.5146251555483911, 0, 0, 0, 14,
0.44284325407236935, 0.5146251555483911, 0, 0, 0, 14,
0.44284325407236935, 0.5146251555483911, 0, 0, 0, 14,
0.44284325407236935, 0.5146251555483911, 0, 0, 0, 14,
0.44284325407236935, 0.5146251555483911, 0, 0, 0, 14,
0.44284325407236935, 0.5146251555483911, 0, 0, 0, 14,
0.44284325407236935, 0.5146251555483911, 0, 0, 0, 14,
0.44284325407236935, 0.5146251555483911, 0, 0.0, 0, 18,
0.44284325407236935, 0.5146251555483911, 0, 0.0, 0, 18,
0.44284325407236935, 0.5146251555483911, 0, 0.0, 0, 18,
0.44284325407236935, 0.5146251555483911, 0, 0.0, 0, 18,
0.44284325407236935, 0.5146251555483911, 0, 0.0, 0, 18,
0.44284325407236935, 0.5146251555483911, 0, 0.0, 0, 18,
0.44284325407236935, 0.5146251555483911, 0, 0.0, 0, 18,
0.44284325407236935, 0.5146251555483911, 0, 0.0, 0, 18,
0.44284325407236935, 0.5146251555483911, 0, 0.0, 0, 18,
0.44284325407236935, 0.5153651751512367, 0, 0.0007400196028455958, 0, 18,
0.44284325407236935, 0.5175852339597735, 0, 0.0022200588085367874, 0, 18,
0.44284325407236935, 0.5205453123711559, 0, 0.002960078411382383, 0, 18,
0.44284325407236935, 0.5242454103853839, 0, 0.003700098014227979, 0, 18,
0.44284325407236935, 0.5286855280024574, 0, 0.004440117617073575, 0, 18,
0.44284325407236935, 0.5331256456195309, 0, 0.004440117617073575, 0, 18,
0.44284325407236935, 0.5383057828394501, 0, 0.00518013721991917, 0, 18,
0.44284325407236935, 0.5442259396622149, 0, 0.005920156822764766, 0, 18,
0.44284325407236935, 0.549406076882134, 0, 0.00518013721991917, 0, 18,
0.44284325407236935, 0.5553262337048989, 0, 0.005920156822764766, 0, 18,
0.44284325407236935, 0.5619864101305092, 0, 0.006660176425610362, 0, 18,
0.44284325407236935, 0.567906566953274, 0, 0.005920156822764766, 0, 18,
0.44284325407236935, 0.5738267237760388, 0, 0.005920156822764766, 0, 18,
0.44284325407236935, 0.5804869002016492, 0, 0.006660176425610362, 0, 18,
0.44284325407236935, 0.5871470766272595, 0, 0.006660176425610362, 0, 18,
0.44284325407236935, 0.5938072530528699, 0, 0.006660176425610362, 0, 18,
0.44284325407236935, 0.6012074490813258, 0, 0.007400196028455958, 0, 18,
0.44284325407236935, 0.6086076451097818, 0, 0.007400196028455958, 0, 18,
0.44284325407236935, 0.6152678215353922, 0, 0.006660176425610362, 0, 18,
0.44284325407236935, 0.6219279979610025, 0, 0.006660176425610362, 0, 18,
0.44284325407236935, 0.6293281939894585, 0, 0.007400196028455958, 0, 18,
0.44284325407236935, 0.6367283900179145, 0, 0.007400196028455958, 0, 18,
0.44284325407236935, 0.6433885664435248, 0, 0.006660176425610362, 0, 18,
0.44284325407236935, 0.6493087232662896, 0, 0.005920156822764766, 0, 18,
0.44284325407236935, 0.6559688996919, 0, 0.006660176425610362, 0, 18,
0.44284325407236935, 0.663369095720356, 0, 0.007400196028455958, 0, 18,
0.44284325407236935, 0.6692892525431208, 0, 0.005920156822764766, 0, 18,
0.44284325407236935, 0.6759494289687311, 0, 0.006660176425610362, 0, 18,
0.44284325407236935, 0.6826096053943415, 0, 0.006660176425610362, 0, 18,
0.44284325407236935, 0.6892697818199518, 0, 0.006660176425610362, 0, 18,
0.44284325407236935, 0.6966699778484078, 0, 0.007400196028455958, 0, 18,
0.44284325407236935, 0.7040701738768638, 0, 0.007400196028455958, 0, 18,
0.44284325407236935, 0.7114703699053198, 0, 0.007400196028455958, 0, 18,
0.44284325407236935, 0.7188705659337757, 0, 0.007400196028455958, 0, 18,
0.44284325407236935, 0.7262707619622317, 0, 0.007400196028455958, 0, 18,
0.44284325407236935, 0.7336709579906877, 0, 0.007400196028455958, 0, 18,
0.44284325407236935, 0.7410711540191437, 0, 0.007400196028455958, 0, 18,
0.44284325407236935, 0.7484713500475997, 0, 0.007400196028455958, 0, 18,
0.44284325407236935, 0.7558715460760557, 0, 0.007400196028455958, 0, 18,
0.44284325407236935, 0.7558715460760557, 0, 0.0, 0, 20,
0.44284325407236935, 0.7558715460760557, 0, 0.0, 0, 20,
0.44284325407236935, 0.7558715460760557, 0, 0.0, 0, 20,
0.44284325407236935, 0.7558715460760557, 0, 0.0, 0, 20,
0.44284325407236935, 0.7558715460760557, 0, 0.0, 0, 20,
0.44284325407236935, 0.7558715460760557, 0, 0.0, 0, 20,
0.44284325407236935, 0.7566115656789013, 0, 0.0007400196028455958, 0, 20,
0.44284325407236935, 0.7580916048845925, 0, 0.0014800392056911916, 0, 20,
0.44284325407236935, 0.7603116636931293, 0, 0.0022200588085367874, 0, 20,
0.44284325407236935, 0.7632717421045117, 0, 0.002960078411382383, 0, 20,
0.44284325407236935, 0.7669718401187396, 0, 0.003700098014227979, 0, 20,
0.44284325407236935, 0.7714119577358132, 0, 0.004440117617073575, 0, 20,
0.44284325407236935, 0.7765920949557323, 0, 0.00518013721991917, 0, 20,
0.44284325407236935, 0.7817722321756515, 0, 0.00518013721991917, 0, 20,
0.44284325407236935, 0.7869523693955707, 0, 0.00518013721991917, 0, 20,
0.44284325407236935, 0.7928725262183355, 0, 0.005920156822764766, 0, 20,
0.44284325407236935, 0.7987926830411003, 0, 0.005920156822764766, 0, 20,
0.44284325407236935, 0.8047128398638651, 0, 0.005920156822764766, 0, 20,
0.44284325407236935, 0.8113730162894754, 0, 0.006660176425610362, 0, 20,
0.44284325407236935, 0.8180331927150858, 0, 0.006660176425610362, 0, 20,
0.44284325407236935, 0.8246933691406961, 0, 0.006660176425610362, 0, 20,
0.44284325407236935, 0.8320935651691521, 0, 0.007400196028455958, 0, 20,
0.44284325407236935, 0.8387537415947625, 0, 0.006660176425610362, 0, 20,
0.44284325407236935, 0.8446738984175273, 0, 0.005920156822764766, 0, 20,
0.44284325407236935, 0.8513340748431376, 0, 0.006660176425610362, 0, 20,
0.44284325407236935, 0.8587342708715936, 0, 0.007400196028455958, 0, 20,
0.44284325407236935, 0.8653944472972039, 0, 0.006660176425610362, 0, 20,
0.44284325407236935, 0.8720546237228143, 0, 0.006660176425610362, 0, 20,
0.44284325407236935, 0.8794548197512703, 0, 0.007400196028455958, 0, 20,
0.44284325407236935, 0.8861149961768806, 0, 0.006660176425610362, 0, 20,
0.44284325407236935, 0.8935151922053366, 0, 0.007400196028455958, 0, 20,
0.44284325407236935, 0.9001753686309469, 0, 0.006660176425610362, 0, 20,
0.44284325407236935, 0.9060955254537117, 0, 0.005920156822764766, 0, 20,
0.44284325407236935, 0.9134957214821677, 0, 0.007400196028455958, 0, 20,
0.44284325407236935, 0.9208959175106237, 0, 0.007400196028455958, 0, 20,
0.44284325407236935, 0.9275560939362341, 0, 0.006660176425610362, 0, 20,
0.44284325407236935, 0.93495628996469, 0, 0.007400196028455958, 0, 20,
0.44284325407236935, 0.942356485993146, 0, 0.007400196028455958, 0, 20,
0.44284325407236935, 0.949756682021602, 0, 0.007400196028455958, 0, 20,
0.44284325407236935, 0.957156878050058, 0, 0.007400196028455958, 0, 20,
0.44284325407236935, 0.964557074078514, 0, 0.007400196028455958, 0, 20,
0.44284325407236935, 0.97195727010697, 0, 0.007400196028455958, 0, 20,
0.44284325407236935, 0.979357466135426, 0, 0.007400196028455958, 0, 20,
0.44284325407236935, 0.9860176425610363, 0, 0.006660176425610362, 0, 20,
0.44284325407236935, 0.9934178385894923, 0, 0.007400196028455958, 0, 20,
0.44284325407236935, 1.0008180346179483, 0, 0.007400196028455958, 0, 20,
0.44284325407236935, 1.0082182306464043, 0, 0.007400196028455958, 0, 20,
0.44284325407236935, 1.0082182306464043, 0, 0, 0, 21,
0.44284325407236935, 1.0082182306464043, 0, 0, 0, 21,
0.44284325407236935, 1.0082182306464043, 0, 0, 0, 21,
0.44284325407236935, 1.0082182306464043, 0, 0, 0, 21,
0.44284325407236935, 1.0082182306464043, 0, 0, 0, 21,
0.44284325407236935, 1.0082182306464043, 0, 0, 0, 21,
0.44284325407236935, 1.0082182306464043, 0, 0, 0, 21,
0.44284325407236935, 1.0082182306464043, 0, 0, 0, 21,
0.44284325407236935, 1.0082182306464043, 0, 0, 0, 21,
0.44284325407236935, 1.0082182306464043, 0, 0, 0, 21,
0.44284325407236935, 1.0082182306464043, 0, 0, 0, 21,
0.44284325407236935, 1.0082182306464043, 0, 0, 0, 21,
0.44284325407236935, 1.0082182306464043, 0, 0, 0, 21,
0.44284325407236935, 1.0082182306464043, 0, 0, 0, 21,
0.44284325407236935, 1.0082182306464043, 0, 0, 0, 21,
0.44284325407236935, 1.0082182306464043, 0, 0, 0, 21,
0.44284325407236935, 1.0082182306464043, 0, 0, 0, 21,
0.44284325407236935, 1.0082182306464043, 0, 0, 0, 21,
0.44284325407236935, 1.0082182306464043, 0, 0, 0, 21,
0.44284325407236935, 1.0082182306464043, 0, 0, 0, 21,
0.44284325407236935, 1.0082182306464043, 0, 0, 0, 21,
0.44284325407236935, 1.0082182306464043, 0, 0, 0, 21,
0.44284325407236935, 1.0082182306464043, 0, 0, 0, 21,
